downtime_id,batch_id,factor_id,downtime_minutes
D00001,B0002,F01,23
D00002,B0003,F05,13
D00003,B0003,F01,24
D00004,B0004,F01,28
D00005,B0004,F06,17
D00006,B0004,F02,44
D00007,B0005,F06,27
D00008,B0006,F04,17
D00009,B0008,F01,28
D00010,B0008,F02,14
D00011,B0009,F02,23
D00012,B0010,F01,13
D00013,B0010,F05,14
D00014,B0011,F07,14
D00015,B0011,F03,18
D00016,B0011,F06,25
D00017,B0012,F06,12
D00018,B0012,F08,16
D00019,B0013,F02,22
D00020,B0013,F01,7
D00021,B0015,F01,13
D00022,B0016,F01,28
D00023,B0018,F02,27
D00024,B0018,F08,28
D00025,B0021,F06,20
D00026,B0022,F05,13
D00027,B0023,F04,12
D00028,B0024,F03,21
D00029,B0024,F01,22
D00030,B0024,F06,18
D00031,B0025,F06,17
D00032,B0026,F01,36
D00033,B0026,F05,14
D00034,B0027,F03,18
D00035,B0027,F07,30
D00036,B0028,F02,23
D00037,B0030,F07,20
D00038,B0030,F08,27
D00039,B0032,F07,17
D00040,B0035,F07,14
D00041,B0037,F02,13
D00042,B0038,F06,21
D00043,B0038,F07,11
D00044,B0038,F04,15
D00045,B0039,F01,29
D00046,B0040,F08,30
D00047,B0041,F06,28
D00048,B0042,F06,25
D00049,B0043,F01,19
D00050,B0043,F04,8
D00051,B0044,F03,21
D00052,B0045,F01,16
D00053,B0046,F06,20
D00054,B0047,F01,22
D00055,B0047,F04,7
D00056,B0048,F07,18
D00057,B0049,F01,40
D00058,B0050,F02,19
D00059,B0051,F06,8
D00060,B0052,F02,21
D00061,B0054,F06,15
D00062,B0054,F01,35
D00063,B0055,F08,22
D00064,B0056,F01,28
D00065,B0056,F03,3
D00066,B0059,F04,10
D00067,B0059,F01,25
D00068,B0060,F02,13
D00069,B0062,F03,7
D00070,B0064,F01,34
D00071,B0065,F07,23
D00072,B0065,F03,9
D00073,B0066,F02,14
D00074,B0066,F03,16
D00075,B0067,F07,13
D00076,B0069,F03,12
D00077,B0070,F01,17
D00078,B0071,F06,19
D00079,B0071,F04,5
D00080,B0071,F02,13
D00081,B0072,F04,17
D00082,B0072,F03,17
D00083,B0075,F08,29
D00084,B0076,F02,25
D00085,B0076,F05,5
D00086,B0077,F04,16
D00087,B0078,F08,21
D00088,B0078,F04,8
D00089,B0080,F03,11
D00090,B0080,F06,23
D00091,B0081,F04,12
D00092,B0082,F01,16
D00093,B0082,F02,14
D00094,B0082,F03,9
D00095,B0083,F01,16
D00096,B0083,F04,6
D00097,B0085,F04,15
D00098,B0086,F03,16
D00099,B0086,F05,12
D00100,B0089,F04,7
D00101,B0090,F02,22
D00102,B0090,F01,28
D00103,B0091,F06,9
D00104,B0091,F05,9
D00105,B0093,F06,9
D00106,B0094,F04,10
D00107,B0095,F06,20
D00108,B0096,F01,21
D00109,B0097,F04,3
D00110,B0097,F03,15
D00111,B0097,F02,13
D00112,B0100,F01,37
D00113,B0101,F06,16
D00114,B0102,F01,30
D00115,B0103,F02,23
D00116,B0103,F07,14
D00117,B0103,F01,35
D00118,B0104,F05,14
D00119,B0105,F01,18
D00120,B0105,F03,17
D00121,B0106,F01,19
D00122,B0106,F04,12
D00123,B0107,F07,16
D00124,B0107,F08,24
D00125,B0108,F08,24
D00126,B0109,F02,13
D00127,B0109,F04,11
D00128,B0111,F04,11
D00129,B0111,F02,10
D00130,B0111,F03,12
D00131,B0112,F06,10
D00132,B0112,F03,19
D00133,B0112,F08,17
D00134,B0113,F03,10
D00135,B0113,F06,22
D00136,B0114,F01,36
D00137,B0115,F04,13
D00138,B0116,F05,5
D00139,B0116,F08,14
D00140,B0120,F03,14
D00141,B0121,F01,38
D00142,B0122,F01,41
D00143,B0125,F01,28
D00144,B0126,F08,8
D00145,B0126,F02,13
D00146,B0126,F03,18
D00147,B0129,F07,15
D00148,B0131,F01,19
D00149,B0132,F04,11
D00150,B0132,F01,29
D00151,B0133,F03,13
D00152,B0133,F07,17
D00153,B0134,F01,23
D00154,B0135,F01,3
D00155,B0138,F08,21
D00156,B0138,F01,39
D00157,B0139,F03,17
D00158,B0139,F04,7
D00159,B0139,F08,3
D00160,B0140,F07,12
D00161,B0141,F03,22
D00162,B0142,F06,21
D00163,B0143,F03,13
D00164,B0146,F01,32
D00165,B0147,F08,25
D00166,B0149,F05,12
D00167,B0151,F04,11
D00168,B0152,F01,15
D00169,B0153,F02,17
D00170,B0153,F05,9
D00171,B0154,F03,10
D00172,B0154,F02,39
D00173,B0155,F01,25
D00174,B0156,F02,33
D00175,B0157,F03,11
D00176,B0157,F01,16
D00177,B0158,F07,10
D00178,B0160,F03,3
D00179,B0161,F04,8
D00180,B0161,F08,29
D00181,B0162,F04,7
D00182,B0163,F04,11
D00183,B0164,F05,16
D00184,B0165,F05,13
D00185,B0167,F01,20
D00186,B0168,F01,22
D00187,B0169,F03,28
D00188,B0170,F05,20
D00189,B0170,F08,16
D00190,B0171,F01,30
D00191,B0171,F06,19
D00192,B0173,F03,23
D00193,B0173,F02,21
D00194,B0173,F05,9
D00195,B0176,F07,7
D00196,B0177,F05,17
D00197,B0178,F04,7
D00198,B0179,F08,28
D00199,B0182,F04,8
D00200,B0183,F02,25
D00201,B0184,F04,9
D00202,B0186,F06,14
D00203,B0187,F03,12
D00204,B0188,F03,17
D00205,B0188,F07,15
D00206,B0191,F04,14
D00207,B0191,F02,18
D00208,B0192,F01,22
D00209,B0194,F02,17
D00210,B0194,F06,18
D00211,B0196,F04,10
D00212,B0196,F05,12
D00213,B0196,F01,24
D00214,B0198,F06,11
D00215,B0198,F01,10
D00216,B0199,F05,14
D00217,B0201,F05,13
D00218,B0202,F02,16
D00219,B0203,F03,17
D00220,B0204,F05,14
D00221,B0205,F07,22
D00222,B0205,F01,27
D00223,B0206,F02,18
D00224,B0206,F03,19
D00225,B0206,F04,7
D00226,B0207,F04,10
D00227,B0208,F04,11
D00228,B0208,F03,15
D00229,B0209,F05,12
D00230,B0211,F02,3
D00231,B0212,F03,21
D00232,B0213,F07,18
D00233,B0214,F03,18
D00234,B0214,F01,25
D00235,B0215,F03,8
D00236,B0216,F06,14
D00237,B0217,F05,12
D00238,B0217,F06,18
D00239,B0219,F06,17
D00240,B0221,F01,38
D00241,B0221,F05,10
D00242,B0222,F05,11
D00243,B0222,F06,26
D00244,B0223,F06,6
D00245,B0224,F02,13
D00246,B0224,F07,20
D00247,B0224,F03,17
D00248,B0225,F04,5
D00249,B0228,F03,18
D00250,B0229,F05,11
D00251,B0230,F07,5
D00252,B0231,F04,5
D00253,B0232,F08,27
D00254,B0232,F02,25
D00255,B0233,F03,15
D00256,B0234,F08,39
D00257,B0236,F06,10
D00258,B0236,F03,10
D00259,B0237,F04,12
D00260,B0238,F02,16
D00261,B0239,F01,22
D00262,B0239,F04,11
D00263,B0240,F03,21
D00264,B0241,F02,12
D00265,B0243,F04,12
D00266,B0244,F04,8
D00267,B0245,F07,15
D00268,B0245,F05,21
D00269,B0246,F03,10
D00270,B0248,F07,16
D00271,B0249,F05,17
D00272,B0250,F02,22
D00273,B0250,F07,19
D00274,B0252,F03,8
D00275,B0253,F02,30
D00276,B0253,F07,19
D00277,B0253,F01,31
D00278,B0254,F01,30
D00279,B0256,F04,4
D00280,B0260,F01,18
D00281,B0261,F05,18
D00282,B0263,F03,21
D00283,B0264,F04,4
D00284,B0266,F01,6
D00285,B0267,F01,19
D00286,B0268,F01,21
D00287,B0269,F06,15
D00288,B0270,F03,14
D00289,B0270,F04,5
D00290,B0271,F08,19
D00291,B0272,F05,14
D00292,B0273,F05,13
D00293,B0273,F03,6
D00294,B0274,F04,11
D00295,B0274,F01,27
D00296,B0275,F01,24
D00297,B0275,F05,10
D00298,B0277,F05,15
D00299,B0277,F06,18
D00300,B0278,F03,13
D00301,B0279,F05,13
D00302,B0280,F02,23
D00303,B0281,F03,8
D00304,B0281,F01,40
D00305,B0281,F02,22
D00306,B0282,F02,16
D00307,B0283,F05,9
D00308,B0284,F03,13
D00309,B0284,F07,3
D00310,B0285,F02,7
D00311,B0285,F06,25
D00312,B0289,F05,15
D00313,B0290,F08,13
D00314,B0292,F05,4
D00315,B0293,F06,24
D00316,B0294,F05,16
D00317,B0296,F01,19
D00318,B0298,F04,9
D00319,B0299,F01,16
D00320,B0301,F01,28
D00321,B0301,F04,3
D00322,B0302,F06,26
D00323,B0303,F07,23
D00324,B0304,F03,15
D00325,B0305,F02,26
D00326,B0307,F01,26
D00327,B0309,F01,12
D00328,B0309,F04,17
D00329,B0310,F03,15
D00330,B0310,F04,12
D00331,B0314,F01,17
D00332,B0315,F04,10
D00333,B0319,F08,21
D00334,B0319,F03,14
D00335,B0320,F02,32
D00336,B0321,F05,11
D00337,B0323,F02,10
D00338,B0324,F04,8
D00339,B0326,F04,10
D00340,B0326,F01,17
D00341,B0327,F07,11
D00342,B0327,F05,11
D00343,B0329,F05,14
D00344,B0330,F03,21
D00345,B0330,F01,10
D00346,B0331,F04,10
D00347,B0331,F08,12
D00348,B0332,F03,22
D00349,B0332,F06,22
D00350,B0333,F06,21
D00351,B0334,F08,22
D00352,B0336,F06,12
D00353,B0337,F05,7
D00354,B0338,F07,18
D00355,B0339,F05,21
D00356,B0339,F08,21
D00357,B0340,F05,5
D00358,B0341,F03,15
D00359,B0342,F08,25
D00360,B0344,F04,10
D00361,B0345,F03,16
D00362,B0347,F03,15
D00363,B0347,F01,15
D00364,B0351,F08,13
D00365,B0352,F06,9
D00366,B0353,F01,13
D00367,B0354,F06,21
D00368,B0354,F07,11
D00369,B0356,F05,16
D00370,B0356,F03,5
D00371,B0357,F06,20
D00372,B0357,F02,20
D00373,B0358,F06,16
D00374,B0359,F05,21
D00375,B0359,F04,8
D00376,B0360,F01,28
D00377,B0361,F07,11
D00378,B0361,F08,28
D00379,B0362,F03,32
D00380,B0362,F01,34
D00381,B0363,F06,17
D00382,B0364,F02,30
D00383,B0366,F06,10
D00384,B0368,F01,29
D00385,B0368,F02,24
D00386,B0369,F03,7
D00387,B0370,F04,7
D00388,B0371,F03,12
D00389,B0373,F02,21
D00390,B0375,F06,8
D00391,B0376,F02,26
D00392,B0378,F03,20
D00393,B0378,F02,32
D00394,B0380,F01,19
D00395,B0380,F03,15
D00396,B0380,F05,15
D00397,B0381,F08,16
D00398,B0382,F05,20
D00399,B0382,F03,16
D00400,B0383,F06,22
D00401,B0384,F02,19
D00402,B0384,F08,22
D00403,B0385,F07,5
D00404,B0385,F06,20
D00405,B0386,F03,11
D00406,B0386,F04,10
D00407,B0387,F06,13
D00408,B0388,F04,11
D00409,B0388,F01,28
D00410,B0390,F01,32
D00411,B0391,F01,27
D00412,B0391,F06,19
D00413,B0392,F01,24
D00414,B0394,F02,16
D00415,B0394,F06,20
D00416,B0394,F01,34
D00417,B0395,F01,24
D00418,B0395,F03,13
D00419,B0395,F05,11
D00420,B0397,F06,16
D00421,B0398,F02,16
D00422,B0399,F02,25
D00423,B0399,F08,24
D00424,B0402,F01,25
D00425,B0403,F03,14
D00426,B0403,F01,34
D00427,B0404,F01,19
D00428,B0405,F03,21
D00429,B0406,F01,13
D00430,B0406,F02,9
D00431,B0406,F06,13
D00432,B0407,F08,25
D00433,B0409,F07,18
D00434,B0409,F03,8
D00435,B0409,F04,10
D00436,B0411,F03,15
D00437,B0412,F04,13
D00438,B0412,F05,18
D00439,B0412,F06,8
D00440,B0413,F04,9
D00441,B0415,F01,23
D00442,B0416,F03,16
D00443,B0416,F06,24
D00444,B0417,F01,28
D00445,B0418,F02,15
D00446,B0418,F06,14
D00447,B0419,F01,13
D00448,B0419,F05,15
D00449,B0421,F06,19
D00450,B0421,F07,13
D00451,B0421,F04,7
D00452,B0422,F08,16
D00453,B0423,F04,14
D00454,B0424,F06,22
D00455,B0426,F05,8
D00456,B0427,F05,18
D00457,B0428,F01,22
D00458,B0429,F04,11
D00459,B0429,F05,8
D00460,B0430,F06,24
D00461,B0431,F03,12
D00462,B0432,F02,26
D00463,B0433,F05,8
D00464,B0433,F01,19
D00465,B0434,F05,11
D00466,B0435,F06,20
D00467,B0437,F04,7
D00468,B0438,F01,15
D00469,B0439,F02,13
D00470,B0440,F05,13
D00471,B0441,F06,8
D00472,B0441,F03,12
D00473,B0442,F02,21
D00474,B0443,F05,8
D00475,B0446,F06,9
D00476,B0446,F01,29
D00477,B0448,F01,19
D00478,B0449,F02,21
D00479,B0450,F07,10
D00480,B0451,F03,16
D00481,B0451,F04,11
D00482,B0453,F06,29
D00483,B0454,F03,10
D00484,B0454,F01,31
D00485,B0457,F06,19
D00486,B0458,F01,20
D00487,B0459,F06,34
D00488,B0459,F03,17
D00489,B0460,F01,37
D00490,B0460,F07,8
D00491,B0461,F04,5
D00492,B0461,F08,27
D00493,B0462,F06,21
D00494,B0463,F06,21
D00495,B0463,F01,38
D00496,B0463,F02,13
D00497,B0465,F01,16
D00498,B0465,F08,23
D00499,B0466,F03,17
D00500,B0469,F06,16
D00501,B0469,F08,35
D00502,B0470,F06,20
D00503,B0471,F06,17
D00504,B0472,F08,29
D00505,B0472,F06,14
D00506,B0473,F08,21
D00507,B0473,F01,25
D00508,B0473,F04,12
D00509,B0474,F01,31
D00510,B0478,F06,7
D00511,B0478,F08,27
D00512,B0479,F05,18
D00513,B0480,F06,3
D00514,B0480,F07,16
D00515,B0481,F01,30
D00516,B0482,F06,22
D00517,B0483,F08,15
D00518,B0483,F04,4
D00519,B0483,F07,14
D00520,B0484,F07,17
D00521,B0484,F04,8
D00522,B0487,F05,14
D00523,B0487,F04,11
D00524,B0488,F04,14
D00525,B0489,F05,9
D00526,B0489,F04,12
D00527,B0490,F01,22
D00528,B0490,F06,16
D00529,B0491,F06,20
D00530,B0492,F03,25
D00531,B0492,F02,17
D00532,B0493,F07,6
D00533,B0495,F01,17
D00534,B0497,F06,27
D00535,B0499,F06,15
D00536,B0501,F04,10
D00537,B0501,F01,16
D00538,B0503,F04,11
D00539,B0504,F02,38
D00540,B0504,F01,12
D00541,B0504,F06,16
D00542,B0507,F05,15
D00543,B0507,F04,10
D00544,B0508,F01,27
D00545,B0509,F06,10
D00546,B0509,F03,4
D00547,B0512,F03,5
D00548,B0515,F05,15
D00549,B0516,F03,18
D00550,B0518,F08,16
D00551,B0518,F04,10
D00552,B0520,F01,17
D00553,B0520,F08,24
D00554,B0521,F01,3
D00555,B0521,F06,33
D00556,B0522,F01,42
D00557,B0525,F04,11
D00558,B0525,F07,20
D00559,B0527,F08,42
D00560,B0528,F02,21
D00561,B0529,F06,16
D00562,B0530,F03,15
D00563,B0530,F04,16
D00564,B0531,F05,9
D00565,B0532,F07,20
D00566,B0532,F01,16
D00567,B0533,F02,18
D00568,B0534,F02,23
D00569,B0535,F07,17
D00570,B0536,F01,22
D00571,B0540,F03,17
D00572,B0541,F04,13
D00573,B0543,F05,14
D00574,B0545,F03,16
D00575,B0546,F04,12
D00576,B0547,F02,17
D00577,B0549,F06,19
D00578,B0551,F08,29
D00579,B0552,F06,9
D00580,B0554,F04,12
D00581,B0555,F03,23
D00582,B0555,F06,22
D00583,B0556,F08,30
D00584,B0558,F08,20
D00585,B0559,F03,21
D00586,B0560,F07,16
D00587,B0560,F04,8
D00588,B0561,F06,26
D00589,B0562,F07,26
D00590,B0562,F06,19
D00591,B0563,F01,35
D00592,B0565,F06,25
D00593,B0565,F08,19
D00594,B0567,F07,24
D00595,B0567,F01,33
D00596,B0569,F04,17
D00597,B0570,F07,22
D00598,B0570,F08,25
D00599,B0570,F03,17
D00600,B0572,F08,21
D00601,B0572,F04,10
D00602,B0575,F04,13
D00603,B0576,F02,24
D00604,B0576,F01,24
D00605,B0577,F06,18
D00606,B0578,F03,13
D00607,B0579,F03,29
D00608,B0580,F02,13
D00609,B0582,F01,19
D00610,B0582,F03,14
D00611,B0583,F03,9
D00612,B0584,F02,24
D00613,B0584,F01,9
D00614,B0586,F04,4
D00615,B0586,F02,26
D00616,B0589,F05,15
D00617,B0590,F01,29
D00618,B0591,F01,17
D00619,B0593,F07,7
D00620,B0593,F04,16
D00621,B0595,F05,9
D00622,B0596,F02,31
D00623,B0597,F06,17
D00624,B0598,F07,14
D00625,B0600,F06,9
