batch_id,date,product_id,operator,shift,start_time,end_time,actual_batch_time_min,quantity_produced
B0001,2026-01-17,P002,OP05,Night,22:40:00,23:45:00,65,1024
B0002,2026-05-10,P001,OP05,Afternoon,13:40:00,14:49:00,69,1270
B0003,2026-04-09,P001,OP03,Afternoon,13:40:00,14:36:00,56,1279
B0004,2026-05-07,P005,OP03,Night,21:00:00,22:17:00,77,768
B0005,2026-04-09,P004,OP01,Afternoon,13:20:00,14:23:00,63,1153
B0006,2026-05-25,P001,OP02,Afternoon,13:40:00,14:37:00,57,1258
B0007,2026-04-24,P002,OP05,Afternoon,12:40:00,13:40:00,60,1210
B0008,2026-04-26,P001,OP01,Morning,07:40:00,08:45:00,65,1256
B0009,2026-04-11,P003,OP03,Morning,08:30:00,09:40:00,70,1122
B0010,2026-01-15,P003,OP05,Afternoon,12:20:00,13:25:00,65,1271
B0011,2026-06-27,P002,OP02,Night,22:10:00,23:00:00,50,1117
B0012,2026-03-20,P003,OP04,Afternoon,14:10:00,15:14:00,64,1172
B0013,2026-03-02,P001,OP01,Afternoon,13:00:00,14:06:00,66,1157
B0014,2026-04-01,P002,OP05,Morning,08:00:00,08:55:00,55,1192
B0015,2026-03-04,P005,OP01,Night,20:40:00,21:54:00,74,765
B0016,2026-02-17,P002,OP05,Morning,06:10:00,07:01:00,51,1169
B0017,2026-05-11,P003,OP02,Morning,07:20:00,08:12:00,52,1206
B0018,2026-02-25,P003,OP04,Afternoon,12:20:00,13:13:00,53,1216
B0019,2026-02-04,P001,OP02,Morning,07:30:00,08:25:00,55,1142
B0020,2026-03-22,P003,OP03,Morning,07:00:00,07:52:00,52,1108
B0021,2026-02-19,P003,OP03,Night,22:10:00,23:03:00,53,1008
B0022,2026-04-09,P002,OP04,Morning,08:30:00,09:35:00,65,1214
B0023,2026-02-27,P003,OP01,Morning,09:00:00,10:02:00,62,1359
B0024,2026-04-22,P001,OP06,Morning,07:40:00,08:38:00,58,1391
B0025,2026-06-24,P005,OP02,Morning,09:00:00,10:19:00,79,796
B0026,2026-04-07,P002,OP01,Night,20:50:00,21:49:00,59,1342
B0027,2026-01-21,P002,OP04,Afternoon,12:40:00,13:35:00,55,1299
B0028,2026-03-10,P005,OP02,Morning,09:10:00,10:42:00,92,955
B0029,2026-03-08,P005,OP04,Morning,07:30:00,08:44:00,74,857
B0030,2026-03-20,P001,OP01,Morning,09:30:00,10:34:00,64,1257
B0031,2026-06-17,P003,OP05,Morning,06:00:00,06:58:00,58,1282
B0032,2026-03-20,P005,OP01,Morning,08:50:00,10:08:00,78,890
B0033,2026-04-05,P005,OP02,Morning,09:00:00,10:22:00,82,815
B0034,2026-05-16,P005,OP03,Afternoon,13:40:00,14:54:00,74,774
B0035,2026-06-03,P001,OP01,Afternoon,13:30:00,14:28:00,58,1006
B0036,2026-06-18,P003,OP06,Morning,09:20:00,10:14:00,54,1191
B0037,2026-04-07,P001,OP02,Afternoon,12:30:00,13:46:00,76,1461
B0038,2026-03-06,P005,OP01,Morning,08:10:00,09:28:00,78,869
B0039,2026-04-15,P001,OP01,Morning,09:30:00,10:31:00,61,1220
B0040,2026-04-04,P002,OP05,Morning,09:00:00,09:58:00,58,1200
B0041,2026-03-31,P001,OP02,Morning,07:20:00,08:34:00,74,1234
B0042,2026-06-17,P001,OP04,Afternoon,12:50:00,13:55:00,65,1243
B0043,2026-05-25,P005,OP06,Afternoon,14:00:00,15:22:00,82,804
B0044,2026-05-30,P003,OP04,Night,20:10:00,21:02:00,52,1178
B0045,2026-01-12,P003,OP01,Morning,08:10:00,09:22:00,72,1061
B0046,2026-03-20,P004,OP03,Morning,09:10:00,10:25:00,75,1252
B0047,2026-03-25,P005,OP04,Afternoon,13:10:00,14:36:00,86,773
B0048,2026-02-01,P001,OP05,Afternoon,12:40:00,13:42:00,62,1305
B0049,2026-04-16,P005,OP01,Morning,07:40:00,08:52:00,72,753
B0050,2026-06-30,P005,OP05,Morning,08:10:00,09:22:00,72,739
B0051,2026-01-24,P003,OP04,Afternoon,14:20:00,15:22:00,62,1206
B0052,2026-02-12,P005,OP04,Morning,07:20:00,08:32:00,72,932
B0053,2026-06-16,P003,OP05,Morning,08:20:00,09:22:00,62,1221
B0054,2026-04-07,P001,OP02,Morning,08:40:00,09:50:00,70,1104
B0055,2026-02-01,P005,OP04,Afternoon,14:40:00,16:06:00,86,801
B0056,2026-06-03,P001,OP06,Night,20:40:00,21:42:00,62,1019
B0057,2026-04-09,P002,OP01,Afternoon,13:10:00,14:00:00,50,1055
B0058,2026-04-04,P004,OP06,Morning,08:50:00,09:48:00,58,1204
B0059,2026-01-08,P005,OP01,Afternoon,14:00:00,15:21:00,81,868
B0060,2026-02-14,P001,OP02,Afternoon,13:00:00,14:09:00,69,1164
B0061,2026-01-01,P001,OP01,Afternoon,14:00:00,14:55:00,55,1066
B0062,2026-05-02,P005,OP05,Afternoon,12:10:00,13:38:00,88,919
B0063,2026-01-21,P003,OP01,Afternoon,12:40:00,13:41:00,61,1124
B0064,2026-01-10,P002,OP02,Afternoon,12:30:00,13:40:00,70,1075
B0065,2026-01-01,P005,OP01,Afternoon,12:50:00,14:16:00,86,745
B0066,2026-04-18,P004,OP03,Afternoon,14:10:00,15:18:00,68,1232
B0067,2026-03-17,P004,OP04,Afternoon,13:20:00,14:34:00,74,1234
B0068,2026-06-15,P001,OP03,Morning,08:30:00,09:34:00,64,1296
B0069,2026-03-14,P002,OP04,Morning,08:00:00,08:50:00,50,1013
B0070,2026-02-24,P003,OP03,Morning,08:30:00,09:23:00,53,1231
B0071,2026-04-17,P002,OP04,Afternoon,13:20:00,14:25:00,65,1097
B0072,2026-06-24,P004,OP04,Night,20:40:00,21:50:00,70,1194
B0073,2026-02-14,P005,OP02,Afternoon,14:00:00,15:24:00,84,859
B0074,2026-01-15,P002,OP02,Morning,09:40:00,10:45:00,65,1035
B0075,2026-05-08,P002,OP06,Morning,08:50:00,09:43:00,53,1064
B0076,2026-01-14,P004,OP06,Morning,09:30:00,10:39:00,69,1059
B0077,2026-03-02,P001,OP01,Afternoon,14:50:00,15:58:00,68,1138
B0078,2026-06-23,P005,OP04,Night,20:00:00,21:19:00,79,926
B0079,2026-06-01,P002,OP05,Afternoon,14:00:00,14:55:00,55,1115
B0080,2026-04-25,P002,OP02,Afternoon,12:10:00,13:16:00,66,984
B0081,2026-06-02,P003,OP06,Afternoon,12:20:00,13:18:00,58,1185
B0082,2026-05-15,P002,OP04,Afternoon,14:30:00,15:32:00,62,1226
B0083,2026-03-19,P003,OP06,Night,22:50:00,23:42:00,52,1120
B0084,2026-04-24,P001,OP04,Morning,08:20:00,09:28:00,68,1185
B0085,2026-03-18,P003,OP02,Morning,08:50:00,09:52:00,62,1119
B0086,2026-05-26,P003,OP04,Afternoon,14:40:00,15:43:00,63,983
B0087,2026-03-25,P001,OP06,Afternoon,13:50:00,14:45:00,55,1124
B0088,2026-01-20,P002,OP06,Afternoon,14:20:00,15:10:00,50,1084
B0089,2026-06-08,P003,OP06,Night,20:30:00,21:34:00,64,1148
B0090,2026-04-08,P005,OP05,Afternoon,12:00:00,13:23:00,83,648
B0091,2026-06-18,P004,OP05,Afternoon,14:00:00,15:00:00,60,1084
B0092,2026-06-14,P003,OP02,Night,21:00:00,22:00:00,60,1224
B0093,2026-05-18,P005,OP03,Afternoon,13:50:00,15:03:00,73,582
B0094,2026-06-13,P003,OP02,Morning,09:00:00,09:58:00,58,1182
B0095,2026-05-03,P004,OP03,Afternoon,13:00:00,14:20:00,80,1215
B0096,2026-01-22,P005,OP04,Afternoon,14:20:00,15:32:00,72,814
B0097,2026-03-04,P002,OP01,Morning,07:30:00,08:32:00,62,1228
B0098,2026-06-09,P002,OP03,Night,21:50:00,22:48:00,58,1118
B0099,2026-03-11,P002,OP02,Night,21:30:00,22:24:00,54,969
B0100,2026-01-05,P001,OP02,Morning,06:40:00,07:45:00,65,1414
B0101,2026-04-16,P002,OP05,Afternoon,14:50:00,15:57:00,67,1153
B0102,2026-02-18,P001,OP05,Afternoon,14:30:00,15:43:00,73,1158
B0103,2026-06-19,P001,OP03,Night,21:00:00,21:57:00,57,1129
B0104,2026-06-28,P003,OP03,Morning,08:00:00,08:58:00,58,1107
B0105,2026-06-12,P001,OP05,Morning,06:00:00,07:01:00,61,1258
B0106,2026-03-17,P001,OP06,Afternoon,13:40:00,14:35:00,55,1059
B0107,2026-03-26,P002,OP06,Morning,09:10:00,10:00:00,50,1065
B0108,2026-05-15,P005,OP02,Morning,06:00:00,07:12:00,72,840
B0109,2026-02-27,P005,OP01,Morning,06:30:00,07:55:00,85,872
B0110,2026-03-28,P003,OP02,Afternoon,14:30:00,15:22:00,52,1208
B0111,2026-03-24,P004,OP01,Night,22:30:00,23:36:00,66,1173
B0112,2026-06-14,P002,OP06,Afternoon,13:10:00,14:14:00,64,1257
B0113,2026-04-04,P002,OP03,Morning,07:00:00,08:00:00,60,1039
B0114,2026-04-30,P004,OP05,Afternoon,13:00:00,14:16:00,76,1222
B0115,2026-05-21,P004,OP01,Morning,07:00:00,08:06:00,66,1082
B0116,2026-04-11,P003,OP06,Morning,07:30:00,08:32:00,62,1203
B0117,2026-02-03,P001,OP02,Afternoon,14:00:00,15:07:00,67,1235
B0118,2026-01-10,P001,OP04,Night,21:20:00,22:23:00,63,1123
B0119,2026-05-17,P004,OP05,Afternoon,13:30:00,14:35:00,65,1088
B0120,2026-06-20,P004,OP01,Afternoon,14:20:00,15:22:00,62,1143
B0121,2026-01-29,P001,OP05,Night,22:50:00,23:50:00,60,1329
B0122,2026-02-14,P003,OP02,Afternoon,13:40:00,14:40:00,60,1202
B0123,2026-04-29,P004,OP05,Afternoon,14:40:00,15:38:00,58,1165
B0124,2026-04-02,P001,OP01,Afternoon,13:40:00,14:41:00,61,1371
B0125,2026-06-18,P002,OP06,Morning,07:30:00,08:50:00,80,1276
B0126,2026-04-15,P003,OP06,Morning,09:00:00,10:00:00,60,1225
B0127,2026-02-25,P002,OP05,Night,21:50:00,22:41:00,51,1070
B0128,2026-03-04,P001,OP02,Morning,07:00:00,08:00:00,60,1147
B0129,2026-01-02,P005,OP03,Afternoon,12:10:00,13:22:00,72,623
B0130,2026-02-26,P005,OP05,Night,21:00:00,22:27:00,87,700
B0131,2026-03-16,P002,OP01,Afternoon,13:30:00,14:20:00,50,1046
B0132,2026-04-05,P001,OP01,Morning,08:10:00,09:20:00,70,1139
B0133,2026-06-03,P002,OP03,Afternoon,14:00:00,14:57:00,57,1342
B0134,2026-02-12,P001,OP06,Morning,08:20:00,09:15:00,55,1132
B0135,2026-02-03,P004,OP02,Night,20:10:00,21:26:00,76,1247
B0136,2026-02-23,P005,OP01,Night,21:30:00,22:46:00,76,785
B0137,2026-03-13,P002,OP04,Morning,06:50:00,07:48:00,58,1240
B0138,2026-01-27,P003,OP01,Morning,07:50:00,08:49:00,59,1284
B0139,2026-01-01,P003,OP02,Afternoon,12:50:00,13:52:00,62,1167
B0140,2026-01-26,P004,OP05,Afternoon,13:00:00,14:09:00,69,1242
B0141,2026-06-18,P004,OP03,Afternoon,12:50:00,13:56:00,66,1236
B0142,2026-04-07,P003,OP03,Morning,09:20:00,10:12:00,52,1176
B0143,2026-05-25,P001,OP01,Afternoon,12:40:00,13:45:00,65,1255
B0144,2026-05-11,P003,OP03,Afternoon,13:10:00,14:13:00,63,1241
B0145,2026-01-17,P005,OP05,Morning,08:50:00,10:02:00,72,829
B0146,2026-03-23,P003,OP04,Morning,08:20:00,09:30:00,70,1361
B0147,2026-06-11,P004,OP04,Afternoon,13:20:00,14:27:00,67,1274
B0148,2026-05-07,P002,OP03,Morning,06:30:00,07:30:00,60,1260
B0149,2026-02-25,P002,OP01,Morning,09:40:00,10:34:00,54,1051
B0150,2026-02-01,P002,OP01,Morning,09:10:00,10:12:00,62,1230
B0151,2026-06-23,P004,OP04,Night,20:10:00,21:08:00,58,1203
B0152,2026-05-10,P002,OP06,Afternoon,14:30:00,15:31:00,61,1152
B0153,2026-03-07,P005,OP03,Night,21:30:00,22:43:00,73,887
B0154,2026-05-28,P001,OP03,Night,20:40:00,21:47:00,67,1113
B0155,2026-06-30,P004,OP05,Afternoon,13:10:00,14:08:00,58,1332
B0156,2026-02-25,P003,OP02,Morning,07:10:00,08:20:00,70,1158
B0157,2026-03-08,P002,OP01,Afternoon,14:00:00,15:08:00,68,1193
B0158,2026-01-21,P005,OP03,Morning,07:50:00,09:12:00,82,918
B0159,2026-02-22,P001,OP06,Morning,07:30:00,08:36:00,66,1205
B0160,2026-03-23,P005,OP01,Morning,06:40:00,07:58:00,78,746
B0161,2026-05-25,P005,OP04,Night,20:50:00,22:10:00,80,942
B0162,2026-02-28,P003,OP02,Morning,09:40:00,10:44:00,64,1246
B0163,2026-05-04,P005,OP05,Morning,08:20:00,09:46:00,86,933
B0164,2026-02-10,P001,OP06,Night,20:00:00,21:11:00,71,1167
B0165,2026-04-03,P001,OP01,Morning,07:40:00,08:41:00,61,1183
B0166,2026-03-03,P001,OP02,Night,20:00:00,20:57:00,57,1176
B0167,2026-03-18,P004,OP03,Morning,08:20:00,09:26:00,66,1192
B0168,2026-02-25,P001,OP03,Morning,09:10:00,10:13:00,63,1262
B0169,2026-01-30,P005,OP02,Morning,09:20:00,10:47:00,87,824
B0170,2026-06-16,P005,OP03,Night,21:30:00,22:42:00,72,672
B0171,2026-06-21,P004,OP02,Afternoon,14:00:00,15:00:00,60,1421
B0172,2026-04-07,P003,OP01,Afternoon,14:40:00,15:39:00,59,1110
B0173,2026-03-05,P002,OP04,Morning,07:40:00,08:41:00,61,1081
B0174,2026-06-02,P001,OP01,Morning,09:50:00,10:51:00,61,1232
B0175,2026-01-18,P003,OP03,Night,21:10:00,22:15:00,65,1374
B0176,2026-02-24,P001,OP05,Morning,08:00:00,08:55:00,55,1156
B0177,2026-04-28,P002,OP06,Morning,07:30:00,08:22:00,52,1405
B0178,2026-03-17,P005,OP02,Night,21:30:00,22:42:00,72,675
B0179,2026-03-15,P005,OP01,Afternoon,14:00:00,15:29:00,89,836
B0180,2026-02-08,P002,OP03,Night,22:50:00,23:52:00,62,1250
B0181,2026-03-01,P003,OP03,Night,21:00:00,22:01:00,61,1229
B0182,2026-04-29,P001,OP02,Morning,08:20:00,09:32:00,72,1109
B0183,2026-03-21,P003,OP03,Night,20:20:00,21:12:00,52,1184
B0184,2026-06-25,P003,OP04,Afternoon,13:20:00,14:15:00,55,1143
B0185,2026-04-07,P001,OP01,Afternoon,13:40:00,14:44:00,64,1271
B0186,2026-04-07,P005,OP02,Night,21:50:00,23:15:00,85,853
B0187,2026-06-03,P005,OP03,Afternoon,14:30:00,15:50:00,80,746
B0188,2026-01-16,P004,OP01,Night,21:40:00,22:38:00,58,1271
B0189,2026-06-19,P005,OP02,Morning,08:40:00,10:06:00,86,815
B0190,2026-01-28,P003,OP03,Night,22:30:00,23:22:00,52,1140
B0191,2026-06-24,P002,OP06,Morning,06:50:00,07:52:00,62,1267
B0192,2026-05-13,P002,OP04,Morning,09:50:00,10:46:00,56,1093
B0193,2026-01-13,P002,OP02,Night,21:40:00,22:37:00,57,1233
B0194,2026-04-15,P003,OP01,Morning,08:30:00,09:22:00,52,1220
B0195,2026-06-18,P001,OP02,Morning,08:20:00,09:15:00,55,1103
B0196,2026-02-10,P005,OP05,Morning,09:20:00,10:45:00,85,1043
B0197,2026-01-25,P001,OP03,Afternoon,12:40:00,13:36:00,56,1407
B0198,2026-04-09,P005,OP02,Morning,09:00:00,10:24:00,84,683
B0199,2026-01-01,P001,OP06,Afternoon,13:20:00,14:19:00,59,1163
B0200,2026-06-29,P005,OP01,Morning,06:00:00,07:17:00,77,833
B0201,2026-05-02,P004,OP06,Afternoon,14:00:00,15:12:00,72,1236
B0202,2026-06-17,P003,OP05,Afternoon,14:20:00,15:22:00,62,1332
B0203,2026-03-24,P002,OP03,Morning,08:40:00,09:39:00,59,1312
B0204,2026-05-12,P005,OP03,Afternoon,12:50:00,14:06:00,76,841
B0205,2026-05-29,P003,OP02,Night,21:00:00,21:52:00,52,1306
B0206,2026-06-18,P001,OP01,Afternoon,13:10:00,14:15:00,65,1258
B0207,2026-04-02,P003,OP05,Night,21:10:00,22:19:00,69,1323
B0208,2026-03-15,P005,OP03,Morning,07:10:00,08:28:00,78,781
B0209,2026-02-03,P003,OP04,Morning,09:50:00,10:56:00,66,1258
B0210,2026-05-19,P001,OP02,Afternoon,13:50:00,14:55:00,65,1192
B0211,2026-01-18,P003,OP03,Morning,06:30:00,07:33:00,63,1074
B0212,2026-04-21,P005,OP01,Afternoon,12:40:00,13:58:00,78,746
B0213,2026-05-11,P004,OP04,Morning,09:20:00,10:25:00,65,1406
B0214,2026-03-20,P003,OP04,Night,21:30:00,22:24:00,54,1241
B0215,2026-01-09,P002,OP05,Morning,07:30:00,08:20:00,50,1209
B0216,2026-01-21,P005,OP05,Morning,09:10:00,10:45:00,95,668
B0217,2026-03-13,P003,OP02,Night,22:20:00,23:22:00,62,1269
B0218,2026-05-23,P001,OP03,Morning,08:40:00,09:39:00,59,1197
B0219,2026-01-27,P003,OP01,Afternoon,13:40:00,14:32:00,52,1264
B0220,2026-02-20,P002,OP02,Morning,08:40:00,09:37:00,57,1244
B0221,2026-02-01,P002,OP02,Morning,09:10:00,10:12:00,62,1280
B0222,2026-04-08,P005,OP05,Afternoon,14:30:00,15:48:00,78,625
B0223,2026-03-21,P005,OP06,Afternoon,12:20:00,13:48:00,88,907
B0224,2026-03-26,P002,OP03,Afternoon,12:10:00,13:15:00,65,1095
B0225,2026-02-05,P005,OP05,Night,20:20:00,21:51:00,91,776
B0226,2026-05-16,P003,OP02,Night,20:10:00,21:02:00,52,1127
B0227,2026-02-10,P001,OP02,Night,22:10:00,23:10:00,60,1076
B0228,2026-05-14,P005,OP02,Morning,07:40:00,08:57:00,77,812
B0229,2026-03-18,P002,OP02,Night,22:10:00,23:09:00,59,1265
B0230,2026-05-21,P004,OP05,Morning,08:30:00,09:28:00,58,1086
B0231,2026-03-07,P001,OP06,Morning,09:20:00,10:22:00,62,1249
B0232,2026-03-03,P002,OP05,Morning,07:50:00,08:41:00,51,1159
B0233,2026-04-06,P004,OP04,Night,20:10:00,21:19:00,69,1228
B0234,2026-06-29,P004,OP05,Morning,06:20:00,07:35:00,75,1072
B0235,2026-02-13,P004,OP02,Night,20:10:00,21:13:00,63,1225
B0236,2026-02-19,P005,OP01,Morning,08:00:00,09:40:00,100,640
B0237,2026-01-16,P003,OP01,Afternoon,14:50:00,15:58:00,68,1217
B0238,2026-01-14,P001,OP02,Night,21:00:00,21:55:00,55,1125
B0239,2026-01-23,P005,OP05,Afternoon,13:40:00,15:07:00,87,800
B0240,2026-01-09,P004,OP05,Morning,07:30:00,08:41:00,71,1065
B0241,2026-04-02,P002,OP04,Afternoon,14:40:00,15:34:00,54,1314
B0242,2026-02-15,P001,OP04,Afternoon,14:50:00,15:45:00,55,1267
B0243,2026-03-13,P003,OP03,Afternoon,13:50:00,14:58:00,68,1137
B0244,2026-01-18,P004,OP02,Morning,09:40:00,10:38:00,58,1212
B0245,2026-02-07,P003,OP03,Afternoon,12:40:00,13:35:00,55,1174
B0246,2026-02-27,P003,OP04,Morning,09:20:00,10:24:00,64,1151
B0247,2026-03-17,P001,OP06,Afternoon,14:50:00,15:52:00,62,1075
B0248,2026-02-23,P003,OP02,Afternoon,12:50:00,14:07:00,77,1043
B0249,2026-03-22,P003,OP05,Afternoon,13:30:00,14:32:00,62,1371
B0250,2026-02-26,P005,OP02,Afternoon,12:50:00,14:02:00,72,857
B0251,2026-01-31,P005,OP06,Morning,06:00:00,07:24:00,84,679
B0252,2026-03-10,P005,OP01,Morning,08:40:00,10:01:00,81,715
B0253,2026-01-07,P005,OP04,Afternoon,13:20:00,14:38:00,78,670
B0254,2026-01-31,P001,OP03,Afternoon,12:50:00,13:54:00,64,1165
B0255,2026-05-05,P004,OP02,Night,22:10:00,23:12:00,62,1228
B0256,2026-03-23,P005,OP05,Morning,07:30:00,08:46:00,76,898
B0257,2026-03-22,P003,OP04,Morning,08:00:00,08:52:00,52,1130
B0258,2026-05-16,P002,OP03,Morning,09:10:00,10:14:00,64,1117
B0259,2026-06-03,P003,OP05,Afternoon,13:50:00,14:42:00,52,1353
B0260,2026-06-18,P003,OP03,Afternoon,13:20:00,14:30:00,70,1272
B0261,2026-04-04,P003,OP06,Afternoon,12:10:00,13:18:00,68,1056
B0262,2026-01-27,P001,OP01,Morning,08:30:00,09:31:00,61,1033
B0263,2026-06-26,P005,OP01,Morning,07:20:00,08:40:00,80,839
B0264,2026-02-22,P001,OP05,Night,21:50:00,22:53:00,63,1203
B0265,2026-05-27,P002,OP02,Morning,09:50:00,10:49:00,59,1158
B0266,2026-01-20,P003,OP04,Night,22:40:00,23:45:00,65,1309
B0267,2026-02-10,P002,OP02,Night,22:10:00,23:02:00,52,1179
B0268,2026-01-07,P003,OP02,Afternoon,13:40:00,14:41:00,61,1219
B0269,2026-05-27,P002,OP03,Morning,09:10:00,10:14:00,64,1065
B0270,2026-01-19,P003,OP05,Morning,07:10:00,08:15:00,65,1142
B0271,2026-05-05,P001,OP01,Afternoon,12:30:00,13:32:00,62,1293
B0272,2026-02-11,P002,OP03,Morning,06:10:00,07:15:00,65,1226
B0273,2026-04-18,P003,OP06,Morning,06:30:00,07:36:00,66,1149
B0274,2026-06-23,P003,OP06,Morning,08:00:00,09:13:00,73,1328
B0275,2026-01-19,P004,OP03,Morning,06:40:00,07:38:00,58,1224
B0276,2026-04-05,P004,OP05,Morning,08:00:00,09:01:00,61,1097
B0277,2026-06-06,P002,OP02,Morning,08:10:00,09:05:00,55,1103
B0278,2026-04-21,P001,OP06,Night,22:50:00,23:45:00,55,1202
B0279,2026-02-05,P005,OP06,Afternoon,13:30:00,14:54:00,84,537
B0280,2026-03-29,P003,OP03,Morning,08:50:00,09:42:00,52,1101
B0281,2026-04-05,P003,OP03,Morning,06:10:00,07:06:00,56,1108
B0282,2026-03-10,P003,OP02,Night,21:20:00,22:29:00,69,1078
B0283,2026-02-06,P001,OP06,Afternoon,14:50:00,15:45:00,55,1208
B0284,2026-04-09,P001,OP01,Afternoon,13:40:00,14:37:00,57,1121
B0285,2026-01-26,P002,OP02,Afternoon,13:50:00,14:50:00,60,1107
B0286,2026-02-15,P001,OP04,Night,20:40:00,21:39:00,59,1175
B0287,2026-01-25,P002,OP01,Morning,08:10:00,09:05:00,55,1271
B0288,2026-03-19,P003,OP01,Morning,07:10:00,08:15:00,65,1029
B0289,2026-03-02,P002,OP03,Afternoon,13:00:00,13:58:00,58,1177
B0290,2026-04-25,P002,OP04,Morning,09:00:00,09:50:00,50,1235
B0291,2026-06-27,P004,OP04,Morning,07:50:00,08:58:00,68,1191
B0292,2026-05-14,P002,OP01,Afternoon,14:00:00,15:00:00,60,1073
B0293,2026-01-15,P005,OP03,Morning,07:00:00,08:12:00,72,959
B0294,2026-02-07,P005,OP01,Morning,08:50:00,10:10:00,80,740
B0295,2026-05-13,P005,OP04,Morning,06:10:00,07:30:00,80,679
B0296,2026-03-16,P002,OP06,Afternoon,12:00:00,13:07:00,67,1155
B0297,2026-03-14,P001,OP03,Afternoon,12:20:00,13:30:00,70,1110
B0298,2026-03-14,P004,OP03,Afternoon,13:10:00,14:08:00,58,1110
B0299,2026-01-08,P002,OP06,Morning,09:40:00,10:30:00,50,1304
B0300,2026-03-04,P005,OP01,Night,22:50:00,00:02:00,72,745
B0301,2026-03-30,P001,OP03,Afternoon,13:00:00,14:01:00,61,1184
B0302,2026-01-14,P002,OP06,Morning,07:00:00,07:50:00,50,1022
B0303,2026-03-05,P001,OP02,Morning,07:00:00,08:03:00,63,1005
B0304,2026-04-20,P001,OP01,Afternoon,13:30:00,14:40:00,70,1269
B0305,2026-06-18,P004,OP02,Afternoon,13:40:00,14:50:00,70,1211
B0306,2026-05-10,P002,OP05,Night,20:00:00,20:50:00,50,1338
B0307,2026-02-20,P001,OP04,Afternoon,14:00:00,14:59:00,59,1326
B0308,2026-05-17,P002,OP02,Morning,09:20:00,10:24:00,64,1217
B0309,2026-01-09,P002,OP06,Night,20:20:00,21:23:00,63,1249
B0310,2026-03-26,P003,OP02,Morning,08:40:00,09:55:00,75,1152
B0311,2026-06-24,P005,OP02,Afternoon,12:30:00,13:52:00,82,728
B0312,2026-04-12,P005,OP02,Afternoon,12:30:00,13:49:00,79,770
B0313,2026-03-11,P001,OP05,Afternoon,13:10:00,14:20:00,70,1167
B0314,2026-01-13,P001,OP04,Night,20:30:00,21:35:00,65,1254
B0315,2026-03-02,P002,OP05,Morning,07:50:00,08:41:00,51,1317
B0316,2026-06-16,P001,OP01,Night,22:20:00,23:18:00,58,1144
B0317,2026-05-14,P001,OP03,Night,21:00:00,22:03:00,63,1243
B0318,2026-01-22,P002,OP04,Afternoon,14:50:00,15:40:00,50,1109
B0319,2026-03-30,P002,OP01,Morning,09:20:00,10:22:00,62,1265
B0320,2026-04-09,P002,OP02,Morning,07:20:00,08:17:00,57,1201
B0321,2026-05-06,P004,OP04,Morning,07:50:00,09:00:00,70,1297
B0322,2026-06-15,P001,OP05,Morning,09:00:00,10:09:00,69,1288
B0323,2026-03-22,P001,OP04,Afternoon,14:30:00,15:32:00,62,1141
B0324,2026-06-17,P004,OP04,Afternoon,13:10:00,14:08:00,58,1221
B0325,2026-01-29,P003,OP06,Morning,08:10:00,09:02:00,52,1084
B0326,2026-05-06,P005,OP01,Afternoon,14:40:00,15:54:00,74,772
B0327,2026-04-17,P002,OP04,Morning,08:00:00,08:54:00,54,1057
B0328,2026-06-22,P005,OP05,Afternoon,13:10:00,14:35:00,85,585
B0329,2026-05-23,P002,OP04,Afternoon,12:20:00,13:22:00,62,986
B0330,2026-01-01,P002,OP02,Morning,09:50:00,10:52:00,62,1180
B0331,2026-06-02,P001,OP01,Morning,07:10:00,08:19:00,69,1211
B0332,2026-01-23,P003,OP02,Afternoon,14:00:00,15:09:00,69,1201
B0333,2026-05-14,P004,OP03,Night,20:10:00,21:32:00,82,1287
B0334,2026-05-07,P004,OP01,Morning,09:50:00,11:04:00,74,1283
B0335,2026-01-14,P001,OP01,Morning,07:20:00,08:17:00,57,951
B0336,2026-02-21,P003,OP05,Afternoon,14:00:00,15:09:00,69,1223
B0337,2026-02-22,P005,OP03,Afternoon,13:20:00,14:43:00,83,774
B0338,2026-03-05,P003,OP04,Morning,09:00:00,10:08:00,68,1201
B0339,2026-05-26,P003,OP06,Morning,06:00:00,07:07:00,67,1118
B0340,2026-04-14,P001,OP01,Afternoon,14:00:00,15:22:00,82,1275
B0341,2026-06-03,P004,OP04,Morning,06:10:00,07:15:00,65,1273
B0342,2026-03-13,P001,OP02,Afternoon,14:50:00,15:58:00,68,1255
B0343,2026-03-12,P001,OP05,Afternoon,14:40:00,15:45:00,65,1308
B0344,2026-06-14,P002,OP06,Afternoon,12:30:00,13:46:00,76,1333
B0345,2026-01-25,P005,OP01,Morning,09:50:00,11:08:00,78,789
B0346,2026-06-18,P001,OP05,Afternoon,14:40:00,15:43:00,63,1192
B0347,2026-06-09,P002,OP04,Afternoon,13:20:00,14:14:00,54,1055
B0348,2026-05-02,P005,OP05,Morning,07:30:00,08:42:00,72,827
B0349,2026-01-11,P002,OP01,Afternoon,14:30:00,15:32:00,62,1159
B0350,2026-02-21,P003,OP05,Afternoon,12:30:00,13:24:00,54,1051
B0351,2026-06-26,P003,OP06,Morning,06:40:00,07:51:00,71,1046
B0352,2026-03-10,P003,OP04,Morning,06:30:00,07:34:00,64,990
B0353,2026-02-17,P001,OP03,Morning,09:30:00,10:41:00,71,1389
B0354,2026-06-28,P001,OP02,Morning,09:40:00,10:36:00,56,1209
B0355,2026-04-14,P003,OP01,Night,22:50:00,23:52:00,62,1289
B0356,2026-04-28,P003,OP04,Morning,06:40:00,07:46:00,66,1434
B0357,2026-05-20,P005,OP06,Morning,08:30:00,09:47:00,77,848
B0358,2026-05-22,P003,OP04,Morning,08:50:00,09:42:00,52,1027
B0359,2026-03-07,P001,OP01,Afternoon,13:20:00,14:18:00,58,1160
B0360,2026-05-20,P005,OP04,Morning,09:30:00,10:52:00,82,852
B0361,2026-04-08,P003,OP04,Afternoon,13:40:00,14:38:00,58,1363
B0362,2026-01-26,P001,OP03,Afternoon,13:10:00,14:14:00,64,1276
B0363,2026-01-25,P002,OP04,Night,21:30:00,22:23:00,53,1268
B0364,2026-02-13,P003,OP03,Night,20:10:00,21:06:00,56,1310
B0365,2026-02-16,P001,OP03,Afternoon,13:30:00,14:39:00,69,1336
B0366,2026-02-28,P001,OP03,Morning,07:30:00,08:35:00,65,1272
B0367,2026-04-26,P005,OP05,Afternoon,14:00:00,15:12:00,72,780
B0368,2026-01-25,P001,OP06,Afternoon,12:20:00,13:36:00,76,1261
B0369,2026-06-06,P001,OP03,Afternoon,14:30:00,15:37:00,67,1222
B0370,2026-06-06,P002,OP01,Night,21:50:00,22:40:00,50,1255
B0371,2026-03-20,P003,OP03,Afternoon,12:30:00,13:30:00,60,1156
B0372,2026-05-26,P003,OP02,Morning,08:40:00,09:39:00,59,1160
B0373,2026-01-16,P003,OP02,Morning,09:50:00,11:00:00,70,1334
B0374,2026-06-14,P001,OP06,Night,21:20:00,22:16:00,56,1218
B0375,2026-01-11,P001,OP02,Morning,08:30:00,09:43:00,73,1216
B0376,2026-02-03,P003,OP03,Morning,08:40:00,09:50:00,70,1110
B0377,2026-06-29,P005,OP04,Morning,09:30:00,10:51:00,81,926
B0378,2026-01-31,P005,OP06,Morning,06:50:00,08:15:00,85,655
B0379,2026-02-07,P003,OP03,Morning,08:20:00,09:16:00,56,1327
B0380,2026-04-13,P003,OP02,Afternoon,13:20:00,14:19:00,59,1274
B0381,2026-02-24,P002,OP04,Morning,06:20:00,07:10:00,50,1138
B0382,2026-05-22,P004,OP05,Morning,07:30:00,08:31:00,61,1338
B0383,2026-05-01,P004,OP02,Morning,07:50:00,08:50:00,60,1196
B0384,2026-03-12,P005,OP03,Night,22:50:00,00:18:00,88,770
B0385,2026-06-04,P003,OP05,Morning,06:50:00,07:43:00,53,1113
B0386,2026-02-26,P001,OP02,Afternoon,12:00:00,13:20:00,80,1104
B0387,2026-01-06,P001,OP06,Afternoon,13:30:00,14:29:00,59,1224
B0388,2026-06-16,P002,OP05,Morning,09:00:00,09:56:00,56,1071
B0389,2026-01-29,P005,OP03,Morning,06:10:00,07:25:00,75,862
B0390,2026-04-18,P001,OP03,Afternoon,12:50:00,14:04:00,74,1245
B0391,2026-04-07,P004,OP02,Morning,09:20:00,10:21:00,61,1066
B0392,2026-06-29,P001,OP01,Afternoon,14:40:00,15:35:00,55,1107
B0393,2026-06-14,P004,OP06,Afternoon,14:00:00,15:07:00,67,1235
B0394,2026-04-17,P001,OP02,Night,22:50:00,23:54:00,64,1184
B0395,2026-02-21,P004,OP01,Night,21:30:00,22:41:00,71,1193
B0396,2026-04-11,P001,OP04,Morning,06:20:00,07:30:00,70,1102
B0397,2026-02-26,P004,OP02,Afternoon,13:50:00,14:53:00,63,1118
B0398,2026-05-09,P004,OP01,Night,22:20:00,23:38:00,78,1158
B0399,2026-04-07,P004,OP05,Night,21:00:00,22:16:00,76,1123
B0400,2026-02-20,P002,OP02,Afternoon,12:50:00,13:55:00,65,1157
B0401,2026-02-07,P001,OP05,Morning,09:20:00,10:15:00,55,1210
B0402,2026-01-20,P002,OP06,Afternoon,14:40:00,15:44:00,64,1137
B0403,2026-01-11,P001,OP03,Afternoon,13:20:00,14:15:00,55,1357
B0404,2026-02-06,P004,OP05,Afternoon,13:00:00,14:05:00,65,1161
B0405,2026-02-04,P002,OP05,Morning,07:10:00,08:19:00,69,1140
B0406,2026-04-17,P004,OP01,Morning,07:10:00,08:16:00,66,1148
B0407,2026-04-08,P005,OP05,Afternoon,13:30:00,14:58:00,88,860
B0408,2026-02-08,P001,OP02,Morning,08:50:00,10:00:00,70,1278
B0409,2026-02-10,P003,OP01,Afternoon,12:10:00,13:12:00,62,1076
B0410,2026-01-27,P003,OP03,Morning,07:10:00,08:06:00,56,1068
B0411,2026-03-26,P001,OP04,Morning,08:00:00,09:08:00,68,1107
B0412,2026-06-09,P003,OP06,Afternoon,14:10:00,15:27:00,77,1117
B0413,2026-06-07,P002,OP04,Morning,07:20:00,08:22:00,62,1220
B0414,2026-05-01,P005,OP04,Morning,08:00:00,09:25:00,85,740
B0415,2026-04-04,P003,OP04,Afternoon,14:00:00,14:59:00,59,1328
B0416,2026-02-20,P005,OP05,Morning,08:30:00,09:51:00,81,769
B0417,2026-02-16,P003,OP05,Morning,08:30:00,09:22:00,52,1086
B0418,2026-05-10,P003,OP06,Afternoon,12:00:00,12:55:00,55,1103
B0419,2026-01-29,P001,OP06,Afternoon,13:10:00,14:07:00,57,1235
B0420,2026-04-08,P005,OP05,Night,21:50:00,23:12:00,82,846
B0421,2026-05-25,P002,OP04,Morning,08:00:00,08:57:00,57,1140
B0422,2026-05-15,P001,OP04,Afternoon,13:10:00,14:19:00,69,1149
B0423,2026-02-16,P003,OP03,Morning,07:30:00,08:38:00,68,1201
B0424,2026-05-04,P004,OP05,Night,22:30:00,23:28:00,58,1232
B0425,2026-02-04,P001,OP01,Morning,06:40:00,07:38:00,58,1220
B0426,2026-06-17,P002,OP05,Afternoon,13:10:00,14:10:00,60,1078
B0427,2026-06-04,P001,OP06,Afternoon,14:00:00,14:58:00,58,953
B0428,2026-03-13,P003,OP05,Morning,07:50:00,08:59:00,69,1202
B0429,2026-03-30,P004,OP05,Morning,06:10:00,07:21:00,71,1305
B0430,2026-03-20,P002,OP02,Afternoon,12:00:00,12:50:00,50,1108
B0431,2026-03-12,P005,OP02,Afternoon,12:10:00,13:30:00,80,827
B0432,2026-03-11,P005,OP02,Afternoon,12:30:00,14:04:00,94,797
B0433,2026-06-12,P005,OP03,Afternoon,13:50:00,15:12:00,82,729
B0434,2026-05-23,P005,OP02,Morning,08:20:00,09:39:00,79,823
B0435,2026-03-25,P001,OP04,Morning,09:10:00,10:15:00,65,1324
B0436,2026-01-30,P002,OP06,Morning,06:20:00,07:13:00,53,1091
B0437,2026-02-27,P005,OP01,Afternoon,14:20:00,15:54:00,94,660
B0438,2026-01-02,P003,OP04,Morning,06:40:00,07:45:00,65,1412
B0439,2026-05-29,P002,OP05,Morning,09:50:00,10:44:00,54,1295
B0440,2026-01-31,P005,OP06,Night,20:20:00,21:51:00,91,836
B0441,2026-04-23,P001,OP02,Night,20:30:00,21:25:00,55,1124
B0442,2026-01-11,P002,OP05,Afternoon,12:10:00,13:16:00,66,1243
B0443,2026-03-10,P003,OP05,Afternoon,14:10:00,15:09:00,59,1119
B0444,2026-06-30,P001,OP02,Morning,06:10:00,07:19:00,69,1328
B0445,2026-02-19,P001,OP04,Afternoon,14:00:00,14:55:00,55,1160
B0446,2026-05-06,P004,OP01,Afternoon,14:20:00,15:43:00,83,1215
B0447,2026-01-03,P001,OP02,Night,20:40:00,21:37:00,57,1277
B0448,2026-01-13,P005,OP05,Morning,07:00:00,08:20:00,80,644
B0449,2026-03-13,P002,OP02,Morning,07:50:00,08:44:00,54,1157
B0450,2026-01-22,P001,OP06,Afternoon,12:10:00,13:22:00,72,1140
B0451,2026-04-08,P003,OP01,Night,21:40:00,22:35:00,55,1381
B0452,2026-03-03,P005,OP01,Morning,08:10:00,09:30:00,80,804
B0453,2026-05-28,P001,OP03,Morning,06:00:00,07:12:00,72,1345
B0454,2026-04-15,P001,OP02,Morning,06:20:00,07:17:00,57,1087
B0455,2026-02-16,P001,OP04,Morning,07:50:00,08:57:00,67,1196
B0456,2026-05-15,P005,OP04,Morning,06:00:00,07:20:00,80,743
B0457,2026-04-24,P004,OP03,Afternoon,14:20:00,15:40:00,80,1182
B0458,2026-04-21,P002,OP01,Morning,06:40:00,07:41:00,61,1275
B0459,2026-02-04,P005,OP01,Afternoon,13:20:00,14:43:00,83,787
B0460,2026-02-13,P003,OP01,Morning,07:10:00,08:05:00,55,1195
B0461,2026-02-13,P002,OP03,Night,20:00:00,20:52:00,52,1144
B0462,2026-06-09,P002,OP04,Afternoon,14:30:00,15:28:00,58,1269
B0463,2026-03-16,P003,OP02,Morning,09:30:00,10:23:00,53,1065
B0464,2026-02-05,P001,OP01,Afternoon,13:10:00,14:08:00,58,1167
B0465,2026-04-01,P004,OP02,Night,20:30:00,21:35:00,65,1295
B0466,2026-05-05,P004,OP05,Afternoon,12:00:00,13:14:00,74,1172
B0467,2026-04-25,P001,OP04,Morning,09:30:00,10:40:00,70,1150
B0468,2026-01-25,P001,OP03,Morning,08:20:00,09:26:00,66,1081
B0469,2026-02-13,P005,OP03,Afternoon,12:50:00,14:02:00,72,634
B0470,2026-03-27,P001,OP02,Night,20:00:00,20:55:00,55,1255
B0471,2026-03-27,P001,OP04,Night,21:10:00,22:10:00,60,1249
B0472,2026-03-29,P004,OP01,Morning,07:20:00,08:20:00,60,1223
B0473,2026-05-25,P005,OP05,Afternoon,14:30:00,15:56:00,86,816
B0474,2026-04-15,P005,OP02,Morning,07:20:00,08:42:00,82,741
B0475,2026-03-02,P005,OP04,Morning,08:00:00,09:22:00,82,945
B0476,2026-02-04,P003,OP01,Afternoon,14:20:00,15:14:00,54,1297
B0477,2026-06-11,P001,OP01,Morning,07:30:00,08:40:00,70,1010
B0478,2026-06-19,P003,OP03,Afternoon,13:30:00,14:39:00,69,1133
B0479,2026-01-23,P002,OP02,Afternoon,13:50:00,14:46:00,56,1224
B0480,2026-04-06,P005,OP01,Morning,08:50:00,10:10:00,80,760
B0481,2026-04-06,P005,OP03,Morning,08:10:00,09:52:00,102,846
B0482,2026-04-12,P003,OP05,Night,21:40:00,22:45:00,65,1184
B0483,2026-02-13,P001,OP06,Afternoon,12:40:00,13:51:00,71,1269
B0484,2026-03-28,P001,OP04,Afternoon,14:40:00,15:45:00,65,1252
B0485,2026-03-16,P001,OP04,Afternoon,12:30:00,13:25:00,55,1164
B0486,2026-04-08,P002,OP01,Morning,08:50:00,09:40:00,50,1168
B0487,2026-02-21,P002,OP06,Afternoon,13:00:00,14:00:00,60,1215
B0488,2026-06-07,P005,OP06,Afternoon,14:10:00,15:24:00,74,768
B0489,2026-05-16,P003,OP01,Morning,08:10:00,09:11:00,61,1194
B0490,2026-05-18,P001,OP02,Morning,06:40:00,07:43:00,63,1174
B0491,2026-02-17,P005,OP02,Afternoon,12:50:00,14:06:00,76,799
B0492,2026-04-25,P005,OP05,Night,21:40:00,23:02:00,82,829
B0493,2026-03-05,P002,OP01,Afternoon,12:10:00,13:04:00,54,1060
B0494,2026-05-24,P002,OP06,Morning,07:20:00,08:22:00,62,1254
B0495,2026-05-27,P005,OP05,Night,20:50:00,22:16:00,86,735
B0496,2026-06-13,P004,OP04,Afternoon,12:20:00,13:23:00,63,1350
B0497,2026-02-23,P001,OP04,Night,20:40:00,21:35:00,55,1211
B0498,2026-05-16,P002,OP05,Night,21:30:00,22:29:00,59,1310
B0499,2026-06-25,P003,OP05,Afternoon,12:50:00,13:53:00,63,1234
B0500,2026-04-20,P005,OP05,Night,22:10:00,23:28:00,78,809
B0501,2026-01-13,P004,OP04,Afternoon,13:30:00,14:49:00,79,1378
B0502,2026-06-29,P001,OP03,Morning,07:00:00,08:00:00,60,1288
B0503,2026-01-05,P001,OP03,Afternoon,13:00:00,14:08:00,68,1331
B0504,2026-02-11,P005,OP02,Afternoon,12:20:00,13:41:00,81,672
B0505,2026-03-18,P005,OP03,Morning,08:20:00,09:32:00,72,927
B0506,2026-01-27,P002,OP04,Afternoon,13:30:00,14:20:00,50,1254
B0507,2026-04-05,P003,OP05,Night,22:50:00,23:56:00,66,1287
B0508,2026-01-03,P005,OP03,Morning,06:20:00,07:41:00,81,778
B0509,2026-02-21,P002,OP02,Afternoon,12:40:00,13:38:00,58,1290
B0510,2026-04-24,P002,OP05,Afternoon,13:20:00,14:22:00,62,1092
B0511,2026-05-16,P002,OP05,Afternoon,12:00:00,12:51:00,51,1245
B0512,2026-03-28,P005,OP06,Night,20:00:00,21:22:00,82,772
B0513,2026-01-01,P001,OP04,Night,21:10:00,22:13:00,63,1171
B0514,2026-02-15,P003,OP02,Morning,09:40:00,10:32:00,52,1189
B0515,2026-03-21,P001,OP03,Morning,06:20:00,07:15:00,55,1284
B0516,2026-01-27,P003,OP06,Afternoon,13:10:00,14:09:00,59,1236
B0517,2026-02-06,P005,OP01,Afternoon,12:40:00,14:04:00,84,733
B0518,2026-01-14,P005,OP02,Afternoon,14:10:00,15:29:00,79,836
B0519,2026-03-21,P004,OP01,Morning,07:10:00,08:15:00,65,1324
B0520,2026-06-20,P002,OP02,Morning,08:20:00,09:23:00,63,1270
B0521,2026-05-03,P001,OP06,Morning,06:10:00,07:15:00,65,1216
B0522,2026-02-15,P001,OP03,Morning,09:30:00,10:33:00,63,1227
B0523,2026-05-14,P002,OP02,Afternoon,13:10:00,14:08:00,58,1321
B0524,2026-06-08,P004,OP01,Morning,06:00:00,07:02:00,62,1040
B0525,2026-04-18,P005,OP03,Afternoon,13:00:00,14:20:00,80,872
B0526,2026-05-23,P004,OP04,Morning,07:20:00,08:21:00,61,1147
B0527,2026-05-15,P001,OP06,Afternoon,12:10:00,13:21:00,71,1136
B0528,2026-02-13,P002,OP05,Afternoon,14:40:00,15:45:00,65,1194
B0529,2026-06-10,P005,OP06,Afternoon,13:30:00,14:55:00,85,907
B0530,2026-04-13,P005,OP04,Morning,09:10:00,10:39:00,89,821
B0531,2026-04-13,P004,OP05,Night,22:10:00,23:14:00,64,1067
B0532,2026-05-13,P001,OP06,Afternoon,12:10:00,13:15:00,65,1276
B0533,2026-01-05,P003,OP06,Morning,09:10:00,10:04:00,54,1200
B0534,2026-04-15,P001,OP02,Afternoon,13:20:00,14:15:00,55,1200
B0535,2026-03-29,P002,OP02,Night,21:00:00,22:02:00,62,1026
B0536,2026-02-26,P001,OP02,Afternoon,13:30:00,14:34:00,64,1143
B0537,2026-04-29,P005,OP06,Afternoon,13:40:00,14:52:00,72,838
B0538,2026-04-22,P004,OP01,Night,21:10:00,22:08:00,58,1315
B0539,2026-03-06,P005,OP04,Night,20:10:00,21:30:00,80,719
B0540,2026-05-05,P001,OP02,Morning,08:40:00,09:47:00,67,1187
B0541,2026-04-27,P002,OP03,Morning,08:00:00,08:53:00,53,1122
B0542,2026-01-10,P003,OP01,Afternoon,13:00:00,14:05:00,65,1284
B0543,2026-06-09,P001,OP04,Morning,06:40:00,07:45:00,65,1222
B0544,2026-05-25,P004,OP06,Afternoon,14:30:00,15:33:00,63,1156
B0545,2026-02-21,P002,OP02,Night,22:20:00,23:10:00,50,1256
B0546,2026-04-13,P002,OP03,Morning,09:10:00,10:17:00,67,1174
B0547,2026-03-06,P003,OP05,Afternoon,14:10:00,15:09:00,59,1085
B0548,2026-01-14,P002,OP02,Morning,07:10:00,08:12:00,62,1194
B0549,2026-03-10,P002,OP05,Afternoon,12:40:00,13:35:00,55,1079
B0550,2026-01-02,P005,OP03,Morning,06:20:00,07:43:00,83,793
B0551,2026-01-26,P001,OP03,Morning,08:00:00,09:16:00,76,1090
B0552,2026-01-29,P001,OP06,Morning,07:20:00,08:34:00,74,1166
B0553,2026-02-21,P001,OP06,Night,21:00:00,21:56:00,56,1275
B0554,2026-06-02,P003,OP04,Afternoon,12:20:00,13:27:00,67,963
B0555,2026-06-07,P001,OP01,Morning,06:20:00,07:21:00,61,1152
B0556,2026-04-02,P005,OP05,Night,20:20:00,21:41:00,81,940
B0557,2026-05-28,P002,OP06,Morning,09:30:00,10:26:00,56,1176
B0558,2026-05-20,P001,OP03,Night,20:30:00,21:48:00,78,1183
B0559,2026-02-15,P005,OP04,Morning,09:30:00,10:48:00,78,784
B0560,2026-05-08,P003,OP01,Morning,07:00:00,07:52:00,52,1191
B0561,2026-03-07,P001,OP01,Morning,06:10:00,07:05:00,55,1168
B0562,2026-05-15,P005,OP01,Morning,08:40:00,10:03:00,83,690
B0563,2026-01-21,P003,OP01,Night,21:10:00,22:13:00,63,1349
B0564,2026-04-06,P004,OP01,Morning,07:00:00,07:58:00,58,1084
B0565,2026-02-04,P001,OP03,Night,21:00:00,22:05:00,65,1156
B0566,2026-04-24,P001,OP02,Morning,07:20:00,08:16:00,56,1162
B0567,2026-01-10,P001,OP04,Morning,06:50:00,07:46:00,56,1256
B0568,2026-03-27,P005,OP06,Morning,06:00:00,07:24:00,84,859
B0569,2026-05-02,P002,OP01,Morning,07:50:00,08:41:00,51,1106
B0570,2026-03-16,P003,OP02,Morning,07:30:00,08:22:00,52,1178
B0571,2026-02-21,P001,OP02,Night,21:10:00,22:11:00,61,1100
B0572,2026-05-28,P001,OP03,Afternoon,12:50:00,13:45:00,55,1132
B0573,2026-05-13,P005,OP05,Afternoon,14:30:00,15:51:00,81,907
B0574,2026-02-02,P003,OP03,Afternoon,14:20:00,15:14:00,54,1263
B0575,2026-01-08,P002,OP05,Afternoon,13:10:00,14:08:00,58,1134
B0576,2026-04-30,P002,OP02,Morning,06:30:00,07:20:00,50,1131
B0577,2026-03-30,P005,OP03,Afternoon,13:40:00,15:04:00,84,759
B0578,2026-03-29,P004,OP06,Morning,06:10:00,07:09:00,59,1059
B0579,2026-05-14,P005,OP05,Morning,08:10:00,09:32:00,82,777
B0580,2026-01-18,P002,OP01,Afternoon,13:20:00,14:10:00,50,1127
B0581,2026-03-02,P004,OP02,Morning,07:30:00,08:38:00,68,1106
B0582,2026-01-28,P001,OP01,Morning,07:10:00,08:11:00,61,1141
B0583,2026-02-06,P003,OP02,Afternoon,12:30:00,13:40:00,70,1172
B0584,2026-03-21,P002,OP04,Night,21:50:00,22:50:00,60,1261
B0585,2026-03-30,P002,OP04,Afternoon,14:10:00,15:06:00,56,1200
B0586,2026-06-07,P005,OP04,Morning,08:50:00,10:03:00,73,742
B0587,2026-03-15,P005,OP03,Morning,08:50:00,10:14:00,84,853
B0588,2026-04-26,P003,OP05,Morning,07:30:00,08:29:00,59,1208
B0589,2026-01-15,P004,OP06,Afternoon,12:20:00,13:25:00,65,1149
B0590,2026-04-03,P001,OP03,Morning,06:10:00,07:09:00,59,1251
B0591,2026-03-30,P002,OP04,Afternoon,14:00:00,15:02:00,62,1191
B0592,2026-05-03,P001,OP03,Afternoon,13:30:00,14:36:00,66,1125
B0593,2026-01-06,P001,OP02,Morning,09:40:00,10:42:00,62,1327
B0594,2026-02-24,P002,OP06,Afternoon,14:30:00,15:24:00,54,1299
B0595,2026-05-03,P004,OP06,Morning,07:40:00,08:40:00,60,1045
B0596,2026-04-29,P001,OP01,Morning,07:30:00,08:25:00,55,1249
B0597,2026-04-20,P002,OP06,Afternoon,12:00:00,13:02:00,62,1215
B0598,2026-05-04,P005,OP02,Morning,09:10:00,10:39:00,89,932
B0599,2026-05-04,P002,OP01,Morning,06:00:00,06:52:00,52,1145
B0600,2026-04-12,P001,OP04,Afternoon,14:10:00,15:18:00,68,1110
